"","2.5% length","Mean length","97.5% length"
"Eggs",29.04,31,32.96
"No eggs",16.6432847082502,17.3904761904762,18.1376676727022
