"","2.5% length","Mean length","97.5% length"
"Eggs",24.12,30,35.88
"No eggs",15.2051113218673,16.1271186440678,17.0491259662683
