"","2.5% length","Mean length","97.5% length"
"Eggs",15.3376798376322,16.0449438202247,16.7522078028172
"No eggs",10.8539606886021,11.0377358490566,11.2215110095112
